rank,sequence,total_score,conf_score,iface_score,mean_plddt,contact_count,min_distance,structure_path,failed,error_msg
1,CGGGGTCGCACAGACTCTCGCTAAGAAATTTGTGACGACCTGCATAGAACGGTATGGGCT,0.7611,0.7611,0.0,76.11,0,inf,/home/caom/AID3/dplm/mcts_diffusion_finetune/mcts_hallucination/results/aptamer/6Y8K/6Y8K_0_d506aae/iter_004/cand_0022.cif,False,
2,CGGGGTCTCACAGACTTTCGCTAAGAAATTTGTGAAGACCAGCAAAGAACGATATGGGTA,0.7531,0.7531,0.0,75.31,0,inf,/home/caom/AID3/dplm/mcts_diffusion_finetune/mcts_hallucination/results/aptamer/6Y8K/6Y8K_0_d506aae/iter_004/cand_0058.cif,False,
3,CGGGGTCTCACAGACTCTCGCTAAGAAATTTGTGACGACCAGCATAGAACGGCATGGGTT,0.7529666666666667,0.7529666666666667,0.0,75.29666666666667,0,inf,/home/caom/AID3/dplm/mcts_diffusion_finetune/mcts_hallucination/results/aptamer/6Y8K/6Y8K_0_d506aae/iter_004/cand_0055.cif,False,
4,CGGGGTCTCACAGACTCTCGCTAAGAAATTTGTGACGACCAGCATAGAACGGTATAGGTT,0.7253999999999999,0.7253999999999999,0.0,72.53999999999999,0,inf,/home/caom/AID3/dplm/mcts_diffusion_finetune/mcts_hallucination/results/aptamer/6Y8K/6Y8K_0_d506aae/iter_004/cand_0037.cif,False,
5,CCACAGGGGCCACATCTCACTTCTGACCGTCAATCGCGTCCTTACGAATCTACGCCAGTG,0.7207124999999999,0.7207124999999999,0.0,72.07124999999999,0,inf,/home/caom/AID3/dplm/mcts_diffusion_finetune/mcts_hallucination/results/aptamer/6Y8K/6Y8K_0_d506aae/iter_004/cand_0038.cif,False,
6,CGGGGGCTCACAGACTCTCGCTAAGAAACTTGTGACGACCAGCATAGTACGGTATGGGTT,0.6638333333333333,0.6638333333333333,0.0,66.38333333333333,0,inf,/home/caom/AID3/dplm/mcts_diffusion_finetune/mcts_hallucination/results/aptamer/6Y8K/6Y8K_0_d506aae/iter_004/cand_0059.cif,False,
7,CGGGTTCTCACAGACTCTCGCTAACAAATTTGTGACGACCAACATAGAACGGTTTGGGTT,0.6589,0.6589,0.0,65.89,0,inf,/home/caom/AID3/dplm/mcts_diffusion_finetune/mcts_hallucination/results/aptamer/6Y8K/6Y8K_0_d506aae/iter_004/cand_0033.cif,False,
8,CGGGGTCTCACAGAGTCTCGCTATGAAATTTGTGACGACCAGCATAGATCGGTATGGGTT,0.6545000000000001,0.6545000000000001,0.0,65.45,0,inf,/home/caom/AID3/dplm/mcts_diffusion_finetune/mcts_hallucination/results/aptamer/6Y8K/6Y8K_0_d506aae/iter_004/cand_0030.cif,False,
9,CGGGGTCTCACAGACTCTCGCTAAGAAATTTGTGACTACTAGCATAGAACGGCATAGGTT,0.6345000000000001,0.6345000000000001,0.0,63.45,0,inf,/home/caom/AID3/dplm/mcts_diffusion_finetune/mcts_hallucination/results/aptamer/6Y8K/6Y8K_0_d506aae/iter_004/cand_0021.cif,False,
10,CCACAGGGGCCTGATGTCACTTCAGACCGTCAATCGCGACCATCCCACTGTACGCAAGTG,0.6267,0.6267,0.0,62.67,0,inf,/home/caom/AID3/dplm/mcts_diffusion_finetune/mcts_hallucination/results/aptamer/6Y8K/6Y8K_0_d506aae/iter_004/cand_0020.cif,False,
11,ACCATGGTGTTCTAGCGATCGAAATCCTTGTACGCCTGGCTTCTAAGTTCCGGGTACGCT,0.600475,0.600475,0.0,60.0475,0,inf,/home/caom/AID3/dplm/mcts_diffusion_finetune/mcts_hallucination/results/aptamer/6Y8K/6Y8K_0_d506aae/iter_004/cand_0010.cif,False,
12,CCACAGGGGCCTGATCTCACTTCTGACCGTCAATCGCGACCTTACCACTGTACGCAAGTG,0.5972999999999999,0.5972999999999999,0.0,59.73,0,inf,/home/caom/AID3/dplm/mcts_diffusion_finetune/mcts_hallucination/results/aptamer/6Y8K/6Y8K_0_d506aae/iter_004/cand_0018.cif,False,
13,CGGGGTCTCACAGACTCTCGCTAAGAAATTTGTGACGACCAGCATAGAACGGCATGGGTT,0.5,0.5,0.0,50.0,0,inf,/home/caom/AID3/dplm/mcts_diffusion_finetune/mcts_hallucination/results/aptamer/6Y8K/6Y8K_0_d506aae/iter_004/cand_0000.cif,False,
14,CGGGGTCTCACAGACTCTCGCTAAGAAATTTGTGACGACCAGCATAGAACGGTATGGGTT,0.5,0.5,0.0,50.0,0,inf,/home/caom/AID3/dplm/mcts_diffusion_finetune/mcts_hallucination/results/aptamer/6Y8K/6Y8K_0_d506aae/iter_004/cand_0001.cif,False,
15,ACCATGATGTTCTAGCGATCGAAATCCTTGCACCCCTGGCTTCTAGGTTCCGGGAACGCT,0.5,0.5,0.0,50.0,0,inf,/home/caom/AID3/dplm/mcts_diffusion_finetune/mcts_hallucination/results/aptamer/6Y8K/6Y8K_0_d506aae/iter_004/cand_0002.cif,False,
16,CCACAGGGGCCTGATCTCACTTCTGACCGTCAATCGCGACCTTACCACTGTACGCAAGTG,0.5,0.5,0.0,50.0,0,inf,/home/caom/AID3/dplm/mcts_diffusion_finetune/mcts_hallucination/results/aptamer/6Y8K/6Y8K_0_d506aae/iter_004/cand_0003.cif,False,
17,CTCTCCCACTGTAGTACCAGTTCTCTAATATGAACCATTACCCTCCACCTTGTAGGTACT,0.5,0.5,0.0,50.0,0,inf,/home/caom/AID3/dplm/mcts_diffusion_finetune/mcts_hallucination/results/aptamer/6Y8K/6Y8K_0_d506aae/iter_004/cand_0004.cif,False,
18,AACATGATGTTCTAGCGGTCGAAATCCTTGCACTCCTTGCGTTTTGGATCCAGGGACGCC,0.5,0.5,0.0,50.0,0,inf,/home/caom/AID3/dplm/mcts_diffusion_finetune/mcts_hallucination/results/aptamer/6Y8K/6Y8K_0_d506aae/iter_004/cand_0005.cif,False,
19,TCACGCGGGCCTGATCTCACTTCTGACCCTCAATCGCGACCTGACCACTGTTCGCAAGTA,0.5,0.5,0.0,50.0,0,inf,/home/caom/AID3/dplm/mcts_diffusion_finetune/mcts_hallucination/results/aptamer/6Y8K/6Y8K_0_d506aae/iter_004/cand_0006.cif,False,
20,CCCAACGTATGTCAAAAACCCGGAATTCGCCTAACTATCCGGGCTGAAGAACGTCGTAGA,0.5,0.5,0.0,50.0,0,inf,/home/caom/AID3/dplm/mcts_diffusion_finetune/mcts_hallucination/results/aptamer/6Y8K/6Y8K_0_d506aae/iter_004/cand_0007.cif,False,
21,ACCGTGATGTTCTAGCGATCCAAATCCTTGCACCCCTGGCTTCTAGGTTCGGGGAACGCG,0.5,0.5,0.0,50.0,0,inf,/home/caom/AID3/dplm/mcts_diffusion_finetune/mcts_hallucination/results/aptamer/6Y8K/6Y8K_0_d506aae/iter_004/cand_0008.cif,False,
22,CCACAGGGGCATGATCGCACTTCTGACCGTCAATTGCGATCTCACCACTGTACGCAAGCG,0.5,0.5,0.0,50.0,0,inf,/home/caom/AID3/dplm/mcts_diffusion_finetune/mcts_hallucination/results/aptamer/6Y8K/6Y8K_0_d506aae/iter_004/cand_0009.cif,False,
23,TCACGCGGGCCTGATCTCGCTTCTGACCCTCAATCGCGCCCGGACCACTGTTCGCAAGTA,0.5,0.5,0.0,50.0,0,inf,/home/caom/AID3/dplm/mcts_diffusion_finetune/mcts_hallucination/results/aptamer/6Y8K/6Y8K_0_d506aae/iter_004/cand_0011.cif,False,
24,ACTATGATGTTCTAGCGGTCGAAATCCTTGCACCCCTGGCTTCCAGGTTCCGGGAACGCT,0.5,0.5,0.0,50.0,0,inf,/home/caom/AID3/dplm/mcts_diffusion_finetune/mcts_hallucination/results/aptamer/6Y8K/6Y8K_0_d506aae/iter_004/cand_0012.cif,False,
25,ACACTCGAGCCTGATCTCACTTCTGACCGTCAATCGGGACCCTACCACTGTACGCAAGTG,0.5,0.5,0.0,50.0,0,inf,/home/caom/AID3/dplm/mcts_diffusion_finetune/mcts_hallucination/results/aptamer/6Y8K/6Y8K_0_d506aae/iter_004/cand_0013.cif,False,
26,CCCAACGTATGTCAAAAACCCGGAATTCGCCTAACTATCCGGGCTGAAGAACGTCGTAGA,0.5,0.5,0.0,50.0,0,inf,/home/caom/AID3/dplm/mcts_diffusion_finetune/mcts_hallucination/results/aptamer/6Y8K/6Y8K_0_d506aae/iter_004/cand_0014.cif,False,
27,ACCATGATGTTCTAGCAATTGAAATCCTTGCACCCCTGGCTTCTAGGTTCCGGGAACGAT,0.5,0.5,0.0,50.0,0,inf,/home/caom/AID3/dplm/mcts_diffusion_finetune/mcts_hallucination/results/aptamer/6Y8K/6Y8K_0_d506aae/iter_004/cand_0015.cif,False,
28,TCACGCGTGCCTGATCTCACTTCTGACCCTCAATCGCGAGCTGACCACTGTTCGCAAGTA,0.5,0.5,0.0,50.0,0,inf,/home/caom/AID3/dplm/mcts_diffusion_finetune/mcts_hallucination/results/aptamer/6Y8K/6Y8K_0_d506aae/iter_004/cand_0016.cif,False,
29,CCCAATGTATGTCAAAAACCCGGAATTCGCCTAACTATCCGGGCTGAAGAACGTCGTAGA,0.5,0.5,0.0,50.0,0,inf,/home/caom/AID3/dplm/mcts_diffusion_finetune/mcts_hallucination/results/aptamer/6Y8K/6Y8K_0_d506aae/iter_004/cand_0017.cif,False,
30,CCACAGGGGCCTGATCTCACTTCTGACCGTCAATCACGACCTTACCACTGTACGCAGGTG,0.5,0.5,0.0,50.0,0,inf,/home/caom/AID3/dplm/mcts_diffusion_finetune/mcts_hallucination/results/aptamer/6Y8K/6Y8K_0_d506aae/iter_004/cand_0019.cif,False,
31,ATCATGATGTTCTAGGGGTCGAAATCCTTGCACTGATTGCGTTTTGTATCCAGGGACGCG,0.5,0.5,0.0,50.0,0,inf,/home/caom/AID3/dplm/mcts_diffusion_finetune/mcts_hallucination/results/aptamer/6Y8K/6Y8K_0_d506aae/iter_004/cand_0023.cif,False,
32,CTCTCCCACTTCAGTACCAGTTCTCTAATATGAACCATTTACCTCCACCTTGTAGGTACT,0.5,0.5,0.0,50.0,0,inf,/home/caom/AID3/dplm/mcts_diffusion_finetune/mcts_hallucination/results/aptamer/6Y8K/6Y8K_0_d506aae/iter_004/cand_0024.cif,False,
33,CGCGGTCGCACAGACTCTCGCTAAGAAATTTGTGACGACCAGCATAGAACGGTATGGGTT,0.5,0.5,0.0,50.0,0,inf,/home/caom/AID3/dplm/mcts_diffusion_finetune/mcts_hallucination/results/aptamer/6Y8K/6Y8K_0_d506aae/iter_004/cand_0025.cif,False,
34,CGGGGTCTCACAGACTCTCGCTAAGAAATATATGACGACCAGCATAGAACGGTATGGGTT,0.5,0.5,0.0,50.0,0,inf,/home/caom/AID3/dplm/mcts_diffusion_finetune/mcts_hallucination/results/aptamer/6Y8K/6Y8K_0_d506aae/iter_004/cand_0026.cif,False,
35,CGGGGTCTCAGAGACTCTCGCTAAGAAATTTGTGACGACCAGCATAGAACGGTATGGGTT,0.5,0.5,0.0,50.0,0,inf,/home/caom/AID3/dplm/mcts_diffusion_finetune/mcts_hallucination/results/aptamer/6Y8K/6Y8K_0_d506aae/iter_004/cand_0027.cif,False,
36,ACCATGATCTTCTAGCGATCGAAATCCTTGCACCCCTGGCTTCTAGCTTCCGGGCAGGCT,0.5,0.5,0.0,50.0,0,inf,/home/caom/AID3/dplm/mcts_diffusion_finetune/mcts_hallucination/results/aptamer/6Y8K/6Y8K_0_d506aae/iter_004/cand_0028.cif,False,
37,CTTTCCCACTGGAGTACCCGTTCTCTAATCTGAACCATTACCCTCCACCTTGTAGGTACT,0.5,0.5,0.0,50.0,0,inf,/home/caom/AID3/dplm/mcts_diffusion_finetune/mcts_hallucination/results/aptamer/6Y8K/6Y8K_0_d506aae/iter_004/cand_0029.cif,False,
38,CCCAACGTATGTCAAAAACCCAGACTTCGCCTAACTATCCGGGCTGAAGAACGTCGTAGA,0.5,0.5,0.0,50.0,0,inf,/home/caom/AID3/dplm/mcts_diffusion_finetune/mcts_hallucination/results/aptamer/6Y8K/6Y8K_0_d506aae/iter_004/cand_0031.cif,False,
39,CCACAGGGGCCTGATCTCACTTCTGACCGTCAATCGCGACCTTACCAGTGTACGCAAGTG,0.5,0.5,0.0,50.0,0,inf,/home/caom/AID3/dplm/mcts_diffusion_finetune/mcts_hallucination/results/aptamer/6Y8K/6Y8K_0_d506aae/iter_004/cand_0032.cif,False,
40,CCCAACGTACTTCAAAAACCCGCAATTCGCCTAACTATCCGGGCTGAAGAACGTCGTAGA,0.5,0.5,0.0,50.0,0,inf,/home/caom/AID3/dplm/mcts_diffusion_finetune/mcts_hallucination/results/aptamer/6Y8K/6Y8K_0_d506aae/iter_004/cand_0034.cif,False,
41,ACCATGATGTTCTAGGGATCGAAATCCTTGCACCCCTGGCTTCTAGGTTCCGGGAACGCT,0.5,0.5,0.0,50.0,0,inf,/home/caom/AID3/dplm/mcts_diffusion_finetune/mcts_hallucination/results/aptamer/6Y8K/6Y8K_0_d506aae/iter_004/cand_0035.cif,False,
42,CTCTCCCACTGTAGTACCAGTTCTCTAAAATGAACCATTACCCTCCACCTTGCAGGTACT,0.5,0.5,0.0,50.0,0,inf,/home/caom/AID3/dplm/mcts_diffusion_finetune/mcts_hallucination/results/aptamer/6Y8K/6Y8K_0_d506aae/iter_004/cand_0036.cif,False,
43,AACATGATGTTCTAGCGGTCGAAATCCTTGCACTCCATGCGTATTGGATCCAGGGACGCC,0.5,0.5,0.0,50.0,0,inf,/home/caom/AID3/dplm/mcts_diffusion_finetune/mcts_hallucination/results/aptamer/6Y8K/6Y8K_0_d506aae/iter_004/cand_0039.cif,False,
44,AACATGATGTTCTAGCGGTAGAAATCCTTGCACTTCTTGCGTTTTTGATGCAGGGACGCC,0.5,0.5,0.0,50.0,0,inf,/home/caom/AID3/dplm/mcts_diffusion_finetune/mcts_hallucination/results/aptamer/6Y8K/6Y8K_0_d506aae/iter_004/cand_0040.cif,False,
45,AACATGATGTTCTAGCGGTCGTACTCCTTGCACTCCTTGCGTTTTGGATCCAGGTACGCC,0.5,0.5,0.0,50.0,0,inf,/home/caom/AID3/dplm/mcts_diffusion_finetune/mcts_hallucination/results/aptamer/6Y8K/6Y8K_0_d506aae/iter_004/cand_0041.cif,False,
46,ACACAGGGGCCTGATCTCACTTCCGACCGTCAATCGCGAGCTTACCACTGTACGCAAGTG,0.5,0.5,0.0,50.0,0,inf,/home/caom/AID3/dplm/mcts_diffusion_finetune/mcts_hallucination/results/aptamer/6Y8K/6Y8K_0_d506aae/iter_004/cand_0042.cif,False,
47,CTCTCCCAGTGTAGTACCAGTTCTCTAATATGAACCATTACCCTCCACCTTGTAGTTACT,0.5,0.5,0.0,50.0,0,inf,/home/caom/AID3/dplm/mcts_diffusion_finetune/mcts_hallucination/results/aptamer/6Y8K/6Y8K_0_d506aae/iter_004/cand_0043.cif,False,
48,CCCAACGTATGTCAAAAACCCGGATTTCGCCTAACTATCCGGGCTGAAGTACGTCGGAGA,0.5,0.5,0.0,50.0,0,inf,/home/caom/AID3/dplm/mcts_diffusion_finetune/mcts_hallucination/results/aptamer/6Y8K/6Y8K_0_d506aae/iter_004/cand_0044.cif,False,
49,TCACGCGTGCCTGATCTCACTTCTGACCCTCAATCGGGACCTGACGACTGTTCGCAAGTA,0.5,0.5,0.0,50.0,0,inf,/home/caom/AID3/dplm/mcts_diffusion_finetune/mcts_hallucination/results/aptamer/6Y8K/6Y8K_0_d506aae/iter_004/cand_0045.cif,False,
50,ACCATGATGTTCTAGCGATCGAAATCCTTGCACCCCTGGCTTCTAGGTTCCGGGAACGCT,0.5,0.5,0.0,50.0,0,inf,/home/caom/AID3/dplm/mcts_diffusion_finetune/mcts_hallucination/results/aptamer/6Y8K/6Y8K_0_d506aae/iter_004/cand_0046.cif,False,
51,CTCTCCCACTGTAGTACCAGTTCTCTCATATGACCCATTACCCTCCACCTTGTAGGTACT,0.5,0.5,0.0,50.0,0,inf,/home/caom/AID3/dplm/mcts_diffusion_finetune/mcts_hallucination/results/aptamer/6Y8K/6Y8K_0_d506aae/iter_004/cand_0047.cif,False,
52,ACCATGATGTTCTAGCAATCGAAATCTTTGCCGCCCTGGCTTCTAGGTTCCGGGAACGCT,0.5,0.5,0.0,50.0,0,inf,/home/caom/AID3/dplm/mcts_diffusion_finetune/mcts_hallucination/results/aptamer/6Y8K/6Y8K_0_d506aae/iter_004/cand_0048.cif,False,
53,TCAAGCGGGCCTGATCTCACTTCTGAACCTCAATCGCGACCTGACCACTGTTCGCAAGTA,0.5,0.5,0.0,50.0,0,inf,/home/caom/AID3/dplm/mcts_diffusion_finetune/mcts_hallucination/results/aptamer/6Y8K/6Y8K_0_d506aae/iter_004/cand_0049.cif,False,
54,CCACAGGGGCCTGATCTCACTTCTGACCGTCAATCGCGACCTTACCACTGTACGCAAGTG,0.5,0.5,0.0,50.0,0,inf,/home/caom/AID3/dplm/mcts_diffusion_finetune/mcts_hallucination/results/aptamer/6Y8K/6Y8K_0_d506aae/iter_004/cand_0050.cif,False,
55,CTCTCCCACTGTAGTAGCAGTTCTCTAATATGAACCATTACCCTCCACCTTATCGGAACT,0.5,0.5,0.0,50.0,0,inf,/home/caom/AID3/dplm/mcts_diffusion_finetune/mcts_hallucination/results/aptamer/6Y8K/6Y8K_0_d506aae/iter_004/cand_0051.cif,False,
56,CCCAACGTATGTCAAAAACCCGGAATTCGCCTAACTATCCAGGCAGAAGAACGTCGTAGA,0.5,0.5,0.0,50.0,0,inf,/home/caom/AID3/dplm/mcts_diffusion_finetune/mcts_hallucination/results/aptamer/6Y8K/6Y8K_0_d506aae/iter_004/cand_0052.cif,False,
57,AACATGATGTTCTAGCGGTCGAAGTCCTTGCACTCCTTGCGTTTTGAATCCAGGGACGCC,0.5,0.5,0.0,50.0,0,inf,/home/caom/AID3/dplm/mcts_diffusion_finetune/mcts_hallucination/results/aptamer/6Y8K/6Y8K_0_d506aae/iter_004/cand_0053.cif,False,
58,CTCTCCCATTGTGGTACCAGTTCTCTAATATGAACCATTACCCTCCACCTTGTAGGTACT,0.5,0.5,0.0,50.0,0,inf,/home/caom/AID3/dplm/mcts_diffusion_finetune/mcts_hallucination/results/aptamer/6Y8K/6Y8K_0_d506aae/iter_004/cand_0054.cif,False,
59,CCGGGGCTCACAGACTCTCGCTAAGAAATTTTTGACGACCAGCATAGAACGGTATGGGTT,0.5,0.5,0.0,50.0,0,inf,/home/caom/AID3/dplm/mcts_diffusion_finetune/mcts_hallucination/results/aptamer/6Y8K/6Y8K_0_d506aae/iter_004/cand_0056.cif,False,
60,GCCAACGTATGTCAAAAGCCCGGAATTCGCCTAACTATCCGGGCTGAAGGACATCGTAGA,0.5,0.5,0.0,50.0,0,inf,/home/caom/AID3/dplm/mcts_diffusion_finetune/mcts_hallucination/results/aptamer/6Y8K/6Y8K_0_d506aae/iter_004/cand_0057.cif,False,
61,CGGGGTCTCACAGACTCTCGCTAAGCAATTAGTGACGACCGGCACAGAACGACATGGGTT,0.5,0.5,0.0,50.0,0,inf,/home/caom/AID3/dplm/mcts_diffusion_finetune/mcts_hallucination/results/aptamer/6Y8K/6Y8K_0_d506aae/iter_004/cand_0060.cif,False,
62,CCCAACGTATGTTAAAAACCCGGAATTCTCCTAACCATACGGGCTGAAGAACGTCGTAGA,0.5,0.5,0.0,50.0,0,inf,/home/caom/AID3/dplm/mcts_diffusion_finetune/mcts_hallucination/results/aptamer/6Y8K/6Y8K_0_d506aae/iter_004/cand_0061.cif,False,
63,TCACGCGGGCCTGATCTCACTTCTGACCCTCAATCGCGACCTGACCACGGTTCGCAAGTA,0.5,0.5,0.0,50.0,0,inf,/home/caom/AID3/dplm/mcts_diffusion_finetune/mcts_hallucination/results/aptamer/6Y8K/6Y8K_0_d506aae/iter_004/cand_0062.cif,False,
64,GCACCGGGGCCTGATCTCACTTCTGACCGTCAATCGCGACCTTACCACTGTACGCAAGTG,0.5,0.5,0.0,50.0,0,inf,/home/caom/AID3/dplm/mcts_diffusion_finetune/mcts_hallucination/results/aptamer/6Y8K/6Y8K_0_d506aae/iter_004/cand_0063.cif,False,
